<configs>
  <remove xpath="/recipes/recipe[@name='resourceCement' and @craft_area='forge']" />
  <remove xpath="/recipes/recipe[@name='resourceConcreteMix']" />
	<append xpath="/recipes">
		<!--x1-->
		<recipe name="resourceCement" count="1" craft_time = "8" craft_area="cementMixer" tags="cementMixerCrafting">
			<ingredient name="resourceClayLump" count="10" />
			<ingredient name="resourcePotassiumNitratePowder" count="10" />
		</recipe>
		<!--1:2:4:0,63-->
		<recipe name="resourceConcreteMix" count="1" craft_time = "9" craft_area="cementMixer" tags="cementMixerCrafting">
			<ingredient name="resourceCement" count="1" />
			<ingredient name="resourceCrushedSand" count="4" />
			<ingredient name="resourceCobblestones" count="8" />
			<ingredient name="drinkJarRiverWater" count="1" />
		</recipe>
		<!--x7-->
		<recipe name="resourceCobblestones" count="70" craft_time = "11" craft_area="cementMixer" tags="cementMixerCrafting">
			<ingredient name="resourceClayLump" count="70"/>
			<ingredient name="resourceRockSmall" count="70"/>
		</recipe>
  </append>
</configs>
