<configs>
	<remove xpath="/recipes/recipe[@name='resourcePaper' and @craft_area='chemistryStation']" />
	<append xpath="/recipes">

		<recipe name="resourceAcid" count="1" craft_time = "654" craft_area="chemistryStation" tags="chemStationCrafting">
			<ingredient name="resourcePotassiumNitratePowder" count="900"/>
			<ingredient name="drinkJarPureMineralWater" count="40"/>
			<ingredient name="resourceScrapPolymers" count="100"/>
		</recipe>

		<recipe name="resourceAcid" count="1" craft_time = "60" craft_area="chemistryStation" tags="chemStationCrafting">
			<ingredient name="carBattery" count="1"/>
			<ingredient name="resourceScrapPolymers" count="100"/>
		</recipe>

	</append>
</configs>