<configs>
	<append xpath="/items">
	
<item name="ABoxResources">
	<property name="CustomIcon" value="AmmoResources"/>
	<property name="DescriptionKey" value="AmmoResources"/>
	<property name="HoldType" value="45"/>
	<property name="Meshfile" value="#Other/Items?Misc/sackPrefab.prefab"/>
	<property name="DropMeshfile" value="#Other/Items?Misc/sack_droppedPrefab.prefab"/>
	<property name="Material" value="Mbrass"/>
	<property name="Stacknumber" value="24000"/>
	<property name="Group" value="Ammo/Weapons"/>
	<property class="Action0">
		<property name="Class" value="OpenBundle"/>
		<property name="Delay" value="0.5"/>
		<property name="Use_time" value="1"/>
		<property name="Sound_start" value="wrench_harvest"/>
		<property name="Create_item" value="resourceBulletTip,resourceGunPowder,resourceBulletCasing"/>
		<property name="Create_item_count" value="1,1,1"/>
	</property>
</item>
<!--Ammo 9mm-->
<item name="DisassembleAmmo9mm">
	<property name="Extends" value="ABoxResources"/>
	<property name="CustomIcon" value="Ammo9box"/>
	<property name="DescriptionKey" value="Ammo9box"/>
	<property class="Action0">
		<property name="Class" value="OpenBundle"/>
		<property name="Delay" value="0.5"/>
		<property name="Use_time" value="1"/>
		<property name="Sound_start" value="wrench_harvest"/>
		<property name="Create_item" value="resourceScrapLead,resourceBulletTip,resourceGunPowder,resourceScrapBrass,resourceBulletCasing"/>
		<property name="Create_item_count" value="3,4,5,7,4"/>
	</property>
</item>

<item name="DisassembleAmmo9mmHP">
	<property name="Extends" value="ABoxResources"/>
	<property name="CustomIcon" value="Ammo9boxHP"/>
	<property name="DescriptionKey" value="Ammo9boxHP"/>
	<property name="UnlockedBy" value="perkPistolPeteHPAmmo"/>
	<property class="Action0">
		<property name="Class" value="OpenBundle"/>
		<property name="Delay" value="0.5"/>
		<property name="Use_time" value="1"/>
		<property name="Sound_start" value="wrench_harvest"/>
		<property name="Create_item" value="resourceScrapLead,resourceBulletTip,resourceGunPowder,resourceScrapBrass,resourceBulletCasing"/>
		<property name="Create_item_count" value="6,7,5,7,4"/>
	</property>
</item>

<item name="DisassembleAmmo9mmAP">
	<property name="Extends" value="ABoxResources"/>
	<property name="CustomIcon" value="Ammo9boxAP"/>
	<property name="DescriptionKey" value="Ammo9boxAP"/>
	<property name="UnlockedBy" value="perkPistolPeteAPAmmo"/>
	<property class="Action0">
		<property name="Class" value="OpenBundle"/>
		<property name="Delay" value="0.5"/>
		<property name="Use_time" value="1"/>
		<property name="Sound_start" value="wrench_harvest"/>
		<property name="Create_item" value="resourceScrapLead,resourceBulletTip,resourceGunPowder,resourceScrapBrass,resourceBulletCasing"/>
		<property name="Create_item_count" value="3,4,10,7,4"/>
	</property>
</item>
<!--Ammo 44mag-->
<item name="DisassembleAmmo44Magnum">
	<property name="Extends" value="ABoxResources"/>
	<property name="CustomIcon" value="Ammo44box"/>
	<property name="DescriptionKey" value="Ammo44box"/>
	<property class="Action0">
		<property name="Class" value="OpenBundle"/>
		<property name="Delay" value="0.5"/>
		<property name="Use_time" value="1"/>
		<property name="Sound_start" value="wrench_harvest"/>
		<property name="Create_item" value="resourceScrapLead,resourceBulletTip,resourceGunPowder,resourceScrapBrass,resourceBulletCasing"/>
		<property name="Create_item_count" value="3,4,10,7,4"/>
	</property>
</item>

<item name="DisassembleAmmo44MagnumHP">
	<property name="Extends" value="ABoxResources"/>
	<property name="CustomIcon" value="Ammo44boxHP"/>
	<property name="DescriptionKey" value="Ammo44boxHP"/>
	<property name="UnlockedBy" value="perkEnforcerHPAmmo"/>
	<property class="Action0">
		<property name="Class" value="OpenBundle"/>
		<property name="Delay" value="0.5"/>
		<property name="Use_time" value="1"/>
		<property name="Sound_start" value="wrench_harvest"/>
		<property name="Create_item" value="resourceScrapLead,resourceBulletTip,resourceGunPowder,resourceScrapBrass,resourceBulletCasing"/>
		<property name="Create_item_count" value="6,7,10,7,4"/>
	</property>
</item>

<item name="DisassembleAmmo44MagnumAP">
	<property name="Extends" value="ABoxResources"/>
	<property name="CustomIcon" value="Ammo44boxAP"/>
	<property name="DescriptionKey" value="Ammo44boxAP"/>
	<property name="UnlockedBy" value="perkEnforcerAPAmmo"/>
	<property class="Action0">
		<property name="Class" value="OpenBundle"/>
		<property name="Delay" value="0.5"/>
		<property name="Use_time" value="1"/>
		<property name="Sound_start" value="wrench_harvest"/>
		<property name="Create_item" value="resourceScrapLead,resourceBulletTip,resourceGunPowder,resourceScrapBrass,resourceBulletCasing"/>
		<property name="Create_item_count" value="3,4,15,7,4"/>
	</property>
</item>
<!--Ammo 7.62mm-->
<item name="DisassembleAmmo7.62mm">
	<property name="Extends" value="ABoxResources"/>
	<property name="CustomIcon" value="Ammo762box"/>
	<property name="DescriptionKey" value="Ammo762box"/>
	<property class="Action0">
		<property name="Class" value="OpenBundle"/>
		<property name="Delay" value="0.5"/>
		<property name="Use_time" value="1"/>
		<property name="Sound_start" value="wrench_harvest"/>
		<property name="Create_item" value="resourceScrapLead,resourceBulletTip,resourceGunPowder,resourceScrapBrass,resourceBulletCasing"/>
		<property name="Create_item_count" value="3,4,15,7,4"/>
	</property>
</item>

<item name="DisassembleAmmo7.62mmHP">
	<property name="Extends" value="ABoxResources"/>
	<property name="CustomIcon" value="Ammo762boxHP"/>
	<property name="DescriptionKey" value="Ammo762boxHP"/>
	<property name="UnlockedBy" value="perkSniperHPAmmo"/>
	<property class="Action0">
		<property name="Class" value="OpenBundle"/>
		<property name="Delay" value="0.5"/>
		<property name="Use_time" value="1"/>
		<property name="Sound_start" value="wrench_harvest"/>
		<property name="Create_item" value="resourceScrapLead,resourceBulletTip,resourceGunPowder,resourceScrapBrass,resourceBulletCasing"/>
		<property name="Create_item_count" value="6,7,15,7,4"/>
	</property>
</item>

<item name="DisassembleAmmo7.62mmAP">
	<property name="Extends" value="ABoxResources"/>
	<property name="CustomIcon" value="Ammo762boxAP"/>
	<property name="DescriptionKey" value="Ammo762boxAP"/>
	<property name="UnlockedBy" value="perkSniperAPAmmo"/>
	<property class="Action0">
		<property name="Class" value="OpenBundle"/>
		<property name="Delay" value="0.5"/>
		<property name="Use_time" value="1"/>
		<property name="Sound_start" value="wrench_harvest"/>
		<property name="Create_item" value="resourceScrapLead,resourceBulletTip,resourceGunPowder,resourceScrapBrass,resourceBulletCasing"/>
		<property name="Create_item_count" value="3,4,20,7,4"/>
	</property>
</item>
<!--Ammo Shotgun-->
<item name="DisassembleAmmoShotgunShell">
	<property name="Extends" value="ABoxResources"/>
	<property name="CustomIcon" value="AmmoShotgunbox"/>
	<property name="DescriptionKey" value="AmmoShotgunbox"/>
	<property class="Action0">
		<property name="Class" value="OpenBundle"/>
		<property name="Delay" value="0.5"/>
		<property name="Use_time" value="1"/>
		<property name="Sound_start" value="wrench_harvest"/>
		<property name="Create_item" value="resourceScrapLead,resourceBuckshot,resourceGunPowder,resourcePaper"/>
		<property name="Create_item_count" value="3,4,20,2"/>
	</property>
</item>

<item name="DisassembleAmmoShotgunSlug">
	<property name="Extends" value="ABoxResources"/>
	<property name="CustomIcon" value="AmmoShotgunboxslug"/>
	<property name="DescriptionKey" value="AmmoShotgunboxslug"/>
	<property name="UnlockedBy" value="perkShotgunMessiahSlugs"/>
	<property class="Action0">
		<property name="Class" value="OpenBundle"/>
		<property name="Delay" value="0.5"/>
		<property name="Use_time" value="1"/>
		<property name="Sound_start" value="wrench_harvest"/>
		<property name="Create_item" value="resourceBulletTip,resourceGunPowder,resourceScrapPolymers"/>
		<property name="Create_item_count" value="10,20,5"/>
	</property>
</item>

<item name="DisassembleAmmoShotgunBreachingSlug">
	<property name="Extends" value="ABoxResources"/>
	<property name="CustomIcon" value="AmmoShotgunboxbreachingslug"/>
	<property name="DescriptionKey" value="AmmoShotgunboxbreachingslug"/>
	<property name="UnlockedBy" value="perkShotgunMessiahBreachingSlugs"/>
	<property class="Action0">
		<property name="Class" value="OpenBundle"/>
		<property name="Delay" value="0.5"/>
		<property name="Use_time" value="1"/>
		<property name="Sound_start" value="wrench_harvest"/>
		<property name="Create_item" value="resourceScrapIron,resourceGunPowder,resourceScrapPolymers"/>
		<property name="Create_item_count" value="40,20,5"/>
	</property>
</item>
<!--Ammo Blunderbuss-->
<item name="DisassembleAmmoBlunderbuss">
	<property name="Extends" value="ABoxResources"/>
	<property name="CustomIcon" value="AmmoBlunderbussbox"/>
	<property name="DescriptionKey" value="AmmoBlunderbussbox"/>
	<property class="Action0">
		<property name="Class" value="OpenBundle"/>
		<property name="Delay" value="0.5"/>
		<property name="Use_time" value="1"/>
		<property name="Sound_start" value="wrench_harvest"/>
		<property name="Create_item" value="resourceRockSmall,resourceGunPowder,resourcePaper"/>
		<property name="Create_item_count" value="4,20,3"/>
	</property>
</item>
<!--Arrow bow-->
<item name="DisassembleAmmoArrowIron">
	<property name="CustomIcon" value="ammoArrowIronbox"/>
	<property name="DescriptionKey" value="ammoArrowIronbox"/>
	<property name="HoldType" value="45"/>
	<property name="Meshfile" value="#Other/Items?Misc/sackPrefab.prefab"/>
	<property name="DropMeshfile" value="#Other/Items?Misc/sack_droppedPrefab.prefab"/>
	<property name="Material" value="Mwood"/>
	<property name="Stacknumber" value="24050"/>
	<property name="Group" value="Ammo/Weapons"/>
	<property class="Action0">
		<property name="Class" value="OpenBundle"/>
		<property name="Delay" value="0.5"/>
		<property name="Use_time" value="1"/>
		<property name="Sound_start" value="wrench_harvest"/>
		<property name="Create_item" value="resourceScrapIron,resourceArrowHeadIron,resourceWood,resourceFeather"/>
		<property name="Create_item_count" value="4,3,1,5"/>
	</property>
</item>

<item name="DisassembleaAmmoArrowSteelAP">
	<property name="Extends" value="DisassembleAmmoArrowIron"/>
	<property name="CustomIcon" value="ammoArrowSteelAPbox"/>
	<property name="DescriptionKey" value="ammoArrowSteelAPbox"/>
	<property name="UnlockedBy" value="perkRangersAPAmmo"/>
	<property class="Action0">
		<property name="Class" value="OpenBundle"/>
		<property name="Delay" value="0.5"/>
		<property name="Use_time" value="1"/>
		<property name="Sound_start" value="wrench_harvest"/>
		<property name="Create_item" value="resourceScrapIron,resourceArrowHeadSteelAP,resourceScrapPolymers"/>
		<property name="Create_item_count" value="7,4,10"/>
	</property>
</item>

<item name="DisassembleAmmoArrowFlaming">
	<property name="Extends" value="DisassembleAmmoArrowIron"/>
	<property name="CustomIcon" value="ammoArrowFlamingbox"/>
	<property name="DescriptionKey" value="ammoArrowFlamingbox"/>
	<property name="UnlockedBy" value="perkRangersFlamingArrows"/>
	<property class="Action0">
		<property name="Class" value="OpenBundle"/>
		<property name="Delay" value="0.5"/>
		<property name="Use_time" value="1"/>
		<property name="Sound_start" value="wrench_harvest"/>
		<property name="Create_item" value="resourceScrapIron,resourceArrowHeadSteelAP,resourceScrapPolymers,resourceGunPowder,resourceCloth,resourceAnimalFat"/>
		<property name="Create_item_count" value="11,4,20,10,2,1"/>
	</property>
</item>

<item name="DisassembleAmmoArrowExploding">
	<property name="Extends" value="DisassembleAmmoArrowIron"/>
	<property name="CustomIcon" value="ammoArrowExplodingbox"/>
	<property name="DescriptionKey" value="ammoArrowExplodingbox"/>
	<property name="UnlockedBy" value="perkRangersExplodingBolts"/>
	<property class="Action0">
		<property name="Class" value="OpenBundle"/>
		<property name="Delay" value="0.5"/>
		<property name="Use_time" value="1"/>
		<property name="Sound_start" value="wrench_harvest"/>
		<property name="Create_item" value="resourceScrapIron,resourceArrowHeadSteelAP,resourceScrapPolymers,resourceGunPowder,resourceDuctTape"/>
		<property name="Create_item_count" value="14,3,10,25,1"/>
	</property>
</item>
<!--Arrow Crossbow-->
<item name="DisassembleAmmoCrossbowBoltIron">
	<property name="Extends" value="DisassembleAmmoArrowIron"/>
	<property name="CustomIcon" value="ammoCrossbowBoltIronbox"/>
	<property name="DescriptionKey" value="ammoCrossbowBoltIronbox"/>
	<property class="Action0">
		<property name="Class" value="OpenBundle"/>
		<property name="Delay" value="0.5"/>
		<property name="Use_time" value="1"/>
		<property name="Sound_start" value="wrench_harvest"/>
		<property name="Create_item" value="resourceScrapIron,resourceArrowHeadIron,resourceWood,resourceFeather"/>
		<property name="Create_item_count" value="4,3,1,5"/>
	</property>
</item>

<item name="DisassembleAmmoCrossbowBoltSteelAP">
	<property name="Extends" value="DisassembleAmmoArrowIron"/>
	<property name="CustomIcon" value="ammoCrossbowBoltSteelAPbox"/>
	<property name="DescriptionKey" value="ammoCrossbowBoltSteelAPbox"/>
	<property name="UnlockedBy" value="perkRangersAPAmmo"/>
	<property class="Action0">
		<property name="Class" value="OpenBundle"/>
		<property name="Delay" value="0.5"/>
		<property name="Use_time" value="1"/>
		<property name="Sound_start" value="wrench_harvest"/>
		<property name="Create_item" value="resourceScrapIron,resourceArrowHeadSteelAP,resourceScrapPolymers"/>
		<property name="Create_item_count" value="7,4,10"/>
	</property>
</item>

<item name="DisassembleAmmoCrossbowBoltFlaming">
	<property name="Extends" value="DisassembleAmmoArrowIron"/>
	<property name="CustomIcon" value="ammoCrossbowBoltFlamingbox"/>
	<property name="DescriptionKey" value="ammoCrossbowBoltFlamingbox"/>
	<property name="UnlockedBy" value="perkRangersFlamingArrows"/>
	<property class="Action0">
		<property name="Class" value="OpenBundle"/>
		<property name="Delay" value="0.5"/>
		<property name="Use_time" value="1"/>
		<property name="Sound_start" value="wrench_harvest"/>
		<property name="Create_item" value="resourceScrapIron,resourceArrowHeadSteelAP,resourceScrapPolymers,resourceGunPowder,resourceCloth,resourceAnimalFat"/>
		<property name="Create_item_count" value="11,3,20,10,2,1"/>
	</property>
</item>

<item name="DisassembleAmmoCrossbowBoltExploding">
	<property name="Extends" value="DisassembleAmmoArrowIron"/>
	<property name="CustomIcon" value="ammoCrossbowBoltExplodingbox"/>
	<property name="DescriptionKey" value="ammoCrossbowBoltExplodingbox"/>
	<property name="UnlockedBy" value="perkRangersExplodingBolts"/>
	<property class="Action0">
		<property name="Class" value="OpenBundle"/>
		<property name="Delay" value="0.5"/>
		<property name="Use_time" value="1"/>
		<property name="Sound_start" value="wrench_harvest"/>
		<property name="Create_item" value="resourceScrapIron,resourceArrowHeadSteelAP,resourceScrapPolymers,resourceGunPowder,resourceDuctTape"/>
		<property name="Create_item_count" value="18,3,10,29,1"/>
	</property>
</item>
<!--throwing-->
<item name="DisassembleMolotovCocktail">
	<property name="CustomIcon" value="thrownMolotovbox"/>
	<property name="DescriptionKey" value="thrownMolotovbox"/>
	<property name="HoldType" value="45"/>
	<property name="Meshfile" value="#Other/Items?Misc/sackPrefab.prefab"/>
	<property name="DropMeshfile" value="#Other/Items?Misc/sack_droppedPrefab.prefab"/>
	<property name="Material" value="Mglass"/>
	<property name="Stacknumber" value="24100"/>
	<property name="Group" value="Ammo/Weapons"/>
	<property class="Action0">
		<property name="Class" value="OpenBundle"/>
		<property name="Delay" value="0.5"/>
		<property name="Use_time" value="1"/>
		<property name="Sound_start" value="wrench_harvest"/>
		<property name="Create_item" value="resourceCloth,ammoGasCan,drinkJarEmpty"/>
		<property name="Create_item_count" value="1,100,1"/>
	</property>
</item>

<item name="DisassemblePipeBomb">
	<property name="Extends" value="DisassembleMolotovCocktail"/>
	<property name="CustomIcon" value="thrownPipeBombbox"/>
	<property name="DescriptionKey" value="thrownPipeBombbox"/>
	<property name="UnlockedBy" value="perkDemolitionsExpert,thrownAmmoPipeBombSchematic"/>
	<property class="Action0">
		<property name="Class" value="OpenBundle"/>
		<property name="Delay" value="0.5"/>
		<property name="Use_time" value="1"/>
		<property name="Sound_start" value="wrench_harvest"/>
		<property name="Create_item" value="resourceGunPowder,resourceMetalPipe"/>
		<property name="Create_item_count" value="6,1"/>
	</property>
</item>

<item name="DisassembleDynamite">
	<property name="Extends" value="DisassembleMolotovCocktail"/>
	<property name="CustomIcon" value="thrownDynamitebox"/>
	<property name="DescriptionKey" value="thrownDynamitebox"/>
	<property name="UnlockedBy" value="perkDemolitionsExpert,thrownDynamiteSchematic"/>
	<property class="Action0">
		<property name="Class" value="OpenBundle"/>
		<property name="Delay" value="0.5"/>
		<property name="Use_time" value="1"/>
		<property name="Sound_start" value="wrench_harvest"/>
		<property name="Create_item" value="resourceScrapLead,resourceBulletTip,resourceGunPowder,resourceScrapBrass,resourceBulletCasing"/>
		<property name="Create_item_count" value="3,4,5,7,4"/>
	</property>
</item>

<item name="DisassembleTimedCharge">
	<property name="Extends" value="DisassembleMolotovCocktail"/>
	<property name="CustomIcon" value="thrownTimedChargebox"/>
	<property name="DescriptionKey" value="thrownTimedChargebox"/>
	<property name="UnlockedBy" value="perkDemolitionsExpert,bookGreatHeistTimedCharge"/>
	<property class="Action0">
		<property name="Class" value="OpenBundle"/>
		<property name="Delay" value="0.5"/>
		<property name="Use_time" value="1"/>
		<property name="Sound_start" value="wrench_harvest"/>
		<property name="Create_item" value="resourceScrapIron,resourceGunPowder,resourceElectricParts"/>
		<property name="Create_item_count" value="7,5,1"/>
	</property>
</item>

<item name="DisassembleRocketHE">
	<property name="Extends" value="DisassembleMolotovCocktail"/>
	<property name="CustomIcon" value="ammoRocketHEbox"/>
	<property name="DescriptionKey" value="ammoRocketHEbox"/>
	<property name="UnlockedBy" value="perkDemolitionsExpert,gunExplosivesT3RocketLauncherSchematic"/>
	<property class="Action0">
		<property name="Class" value="OpenBundle"/>
		<property name="Delay" value="0.5"/>
		<property name="Use_time" value="1"/>
		<property name="Sound_start" value="wrench_harvest"/>
		<property name="Create_item" value="resourceScrapLead,resourceGunPowder,ammoGasCan,resourceScrapIron"/>
		<property name="Create_item_count" value="150,35,1100,120"/>
	</property>
</item>

<item name="DisassembleRocketFrag">
	<property name="Extends" value="DisassembleMolotovCocktail"/>
	<property name="CustomIcon" value="ammoRocketHEbox"/><property name="CustomIconTint" value="167,62,62"/>
	<property name="DescriptionKey" value="ammoRocketFragbox"/>
	<property name="Create_item" value="resourceScrapLead,resourceBulletTip,resourceGunPowder,resourceScrapBrass,resourceBulletCasing"/>
	<property name="UnlockedBy" value="perkDemolitionsExpert,gunExplosivesT3RocketLauncherSchematic"/>
	<property class="Action0">
		<property name="Class" value="OpenBundle"/>
		<property name="Delay" value="0.5"/>
		<property name="Use_time" value="1"/>
		<property name="Sound_start" value="wrench_harvest"/>
		<property name="Create_item" value="resourceScrapLead,resourceGunPowder,ammoGasCan,resourceScrapIron"/>
		<property name="Create_item_count" value="138,30,1100,120"/>
	</property>
</item>

<item name="DisassembleMineCandyTin">
	<property name="Extends" value="DisassembleMolotovCocktail"/>
	<property name="CustomIcon" value="mineCandyTinbox"/>
	<property name="DescriptionKey" value="mineCandyTinbox"/>
	<property name="HoldType" value="45"/>
	<property name="Meshfile" value="#Other/Items?Misc/sackPrefab.prefab"/>
	<property name="DropMeshfile" value="#Other/Items?Misc/sack_droppedPrefab.prefab"/>
	<property name="Material" value="Mmetal"/>
	<property name="Stacknumber" value="24150"/>
	<property name="Group" value="Mine"/>
	<property class="Action0">
		<property name="Class" value="OpenBundle"/>
		<property name="Delay" value="0.5"/>
		<property name="Use_time" value="1"/>
		<property name="Sound_start" value="wrench_harvest"/>
		<property name="Create_item" value="resourceScrapIron,resourceGunPowder,resourceCloth"/>
		<property name="Create_item_count" value="3,2,1"/>
	</property>
</item>

<item name="DisassembleMineAirFilter">
	<property name="Extends" value="DisassembleMolotovCocktail"/>
	<property name="CustomIcon" value="mineAirFilterbox"/>
	<property name="DescriptionKey" value="mineAirFilterbox"/>
	<property name="UnlockedBy" value="perkDemolitionsExpert"/>
	<property class="Action0">
		<property name="Class" value="OpenBundle"/>
		<property name="Delay" value="0.5"/>
		<property name="Use_time" value="1"/>
		<property name="Sound_start" value="wrench_harvest"/>
		<property name="Create_item" value="resourceScrapIron,resourceGunPowder,resourceCloth"/>
		<property name="Create_item_count" value="9,6,1"/>
	</property>
</item>

<item name="DisassembleMineHubcap">
	<property name="Extends" value="DisassembleMolotovCocktail"/>
	<property name="CustomIcon" value="mineHubcapbox"/>
	<property name="DescriptionKey" value="mineHubcapbox"/>
	<property name="UnlockedBy" value="perkDemolitionsExpert"/>
	<property class="Action0">
		<property name="Class" value="OpenBundle"/>
		<property name="Delay" value="0.5"/>
		<property name="Use_time" value="1"/>
		<property name="Sound_start" value="wrench_harvest"/>
		<property name="Create_item" value="resourceScrapIron,resourceGunPowder,resourceCloth"/>
		<property name="Create_item_count" value="6,4,1"/>
	</property>
</item>

<item name="DisassembleMineCookingPot">
	<property name="Extends" value="DisassembleMolotovCocktail"/>
	<property name="CustomIcon" value="mineCookingPotbox"/>
	<property name="DescriptionKey" value="mineCookingPotbox"/>
	<property name="UnlockedBy" value="perkDemolitionsExpert"/>
	<property class="Action0">
		<property name="Class" value="OpenBundle"/>
		<property name="Delay" value="0.5"/>
		<property name="Use_time" value="1"/>
		<property name="Sound_start" value="wrench_harvest"/>
		<property name="Create_item" value="resourceScrapIron,resourceGunPowder,resourceCloth"/>
		<property name="Create_item_count" value="6,2,1"/>
	</property>
</item>

<item name="DisassembleMineScrapIronPlate">
	<property name="Extends" value="DisassembleMolotovCocktail"/>
	<property name="CustomIcon" value="mineScrapIronPlatebox"/>
	<property name="DescriptionKey" value="mineScrapIronPlatebox"/>
	<property name="UnlockedBy" value="perkDemolitionsExpert"/>
	<property class="Action0">
		<property name="Class" value="OpenBundle"/>
		<property name="Delay" value="0.5"/>
		<property name="Use_time" value="1"/>
		<property name="Sound_start" value="wrench_harvest"/>
		<property name="Create_item" value="resourceScrapIron,resourceGunPowder,resourceCloth"/>
		<property name="Create_item_count" value="15,4,1"/>
	</property>
</item>
</append>
</configs>