<configs>

	<append xpath="/recipes">
<!--Ammo 9mm-->
<recipe name="DisassembleAmmo9mm" craft_time = "2" craft_area="workbench" tags="workbenchCrafting">
	<ingredient name="ammo9mmBulletBall" count="10"/>
</recipe>

<recipe name="DisassembleAmmo9mmHP" craft_time = "2" craft_area="workbench" tags="learnable,workbenchCrafting">
	<ingredient name="ammo9mmBulletHP" count="10"/>
</recipe>

<recipe name="DisassembleAmmo9mmAP" craft_time = "2" craft_area="workbench" tags="learnable,workbenchCrafting">
	<ingredient name="ammo9mmBulletAP" count="10"/>
</recipe>
<!--Ammo 44mag-->
<recipe name="DisassembleAmmo44Magnum" craft_time = "2" craft_area="workbench" tags="workbenchCrafting">
	<ingredient name="ammo44MagnumBulletBall" count="10"/>
</recipe>

<recipe name="DisassembleAmmo44MagnumHP" craft_time = "1" craft_area="workbench" tags="learnable,workbenchCrafting">
	<ingredient name="ammo44MagnumBulletHP" count="10"/>
</recipe>

<recipe name="DisassembleAmmo44MagnumAP" craft_time = "2" craft_area="workbench" tags="learnable,workbenchCrafting">
	<ingredient name="ammo44MagnumBulletAP" count="10"/>
</recipe>
<!--Ammo 7.62mm-->
<recipe name="DisassembleAmmo7.62mm" craft_time = "2" craft_area="workbench" tags="workbenchCrafting">
	<ingredient name="ammo762mmBulletBall" count="10"/>
</recipe>

<recipe name="DisassembleAmmo7.62mmHP" craft_time = "2" craft_area="workbench" tags="learnable,workbenchCrafting">
	<ingredient name="ammo762mmBulletHP" count="10"/>
</recipe>

<recipe name="DisassembleAmmo7.62mmAP" craft_time = "2" craft_area="workbench" tags="learnable,workbenchCrafting">
	<ingredient name="ammo762mmBulletAP" count="10"/>
</recipe>
<!--Ammo Shotgun-->
<recipe name="DisassembleAmmoShotgunShell" craft_time = "2" craft_area="workbench" tags="workbenchCrafting">
	<ingredient name="ammoShotgunShell" count="10"/>
</recipe>

<recipe name="DisassembleAmmoShotgunSlug" craft_time = "2" craft_area="workbench" tags="learnable,workbenchCrafting">
	<ingredient name="ammoShotgunSlug" count="10"/>
</recipe>

<recipe name="DisassembleAmmoShotgunBreachingSlug" craft_time = "2" craft_area="workbench" tags="learnable,workbenchCrafting">
	<ingredient name="ammoShotgunBreachingSlug" count="10"/>
</recipe>
<!--Ammo Blunderbuss-->
<recipe name="DisassembleAmmoBlunderbuss" craft_time = "2" craft_area="workbench" tags="workbenchCrafting">
	<ingredient name="ammoBlunderbuss" count="10"/>
</recipe>
<!--Arrow bow-->
<recipe name="DisassembleAmmoArrowIron" craft_time = "2" craft_area="workbench" tags="workbenchCrafting">
	<ingredient name="ammoArrowIron" count="10"/>
</recipe>

<recipe name="DisassembleaAmmoArrowSteelAP" craft_time = "2" craft_area="workbench" tags="learnable,workbenchCrafting">
	<ingredient name="ammoArrowSteelAP" count="10"/>
</recipe>

<recipe name="DisassembleAmmoArrowFlaming" craft_time = "2" craft_area="workbench" tags="learnable,workbenchCrafting">
	<ingredient name="ammoArrowFlaming" count="10"/>
</recipe>

<recipe name="DisassembleAmmoArrowExploding" craft_time = "2" craft_area="workbench" tags="learnable,workbenchCrafting">
	<ingredient name="ammoArrowExploding" count="10"/>
</recipe>
<!--Arrow Crossbow-->
<recipe name="DisassembleAmmoCrossbowBoltIron" craft_time = "2" craft_area="workbench" tags="workbenchCrafting">
	<ingredient name="ammoCrossbowBoltIron" count="10"/>
</recipe>

<recipe name="DisassembleAmmoCrossbowBoltSteelAP" craft_time = "2" craft_area="workbench" tags="learnable,workbenchCrafting">
	<ingredient name="ammoCrossbowBoltSteelAP" count="10"/>
</recipe>

<recipe name="DisassembleAmmoCrossbowBoltFlaming" craft_time = "2" craft_area="workbench" tags="learnable,workbenchCrafting">
	<ingredient name="ammoCrossbowBoltFlaming" count="10"/>
</recipe>

<recipe name="DisassembleAmmoCrossbowBoltExploding" craft_time = "2" craft_area="workbench" tags="learnable,workbenchCrafting">
	<ingredient name="ammoCrossbowBoltExploding" count="10"/>
</recipe>
<!--Grenades-->
<recipe name="DisassembleMolotovCocktail" craft_time = "8" craft_area="workbench" tags="workbenchCrafting">
	<ingredient name="thrownAmmoMolotovCocktail" count="1"/>
</recipe>

<recipe name="DisassemblePipeBomb" craft_time="8" craft_area="workbench" tags="learnable,workbenchCrafting">
	<ingredient name="thrownAmmoPipeBomb" count="1"/>
</recipe>

<recipe name="DisassembleDynamite" craft_time="8" craft_area="workbench" tags="learnable,workbenchCrafting">
	<ingredient name="thrownDynamite" count="1"/>
</recipe>

<recipe name="DisassembleTimedCharge" craft_time="8" craft_area="workbench" tags="learnable,workbenchCrafting">
	<ingredient name="thrownTimedCharge" count="1"/>
</recipe>

<recipe name="DisassembleRocketHE" craft_time="8" craft_area="workbench" tags="learnable,workbenchCrafting">
	<ingredient name="ammoRocketHE" count="5"/>
</recipe>

<recipe name="DisassembleRocketFrag" craft_time="8" craft_area="workbench" tags="learnable,workbenchCrafting">
	<ingredient name="ammoRocketFrag" count="5"/>
</recipe>

<recipe name="DisassembleMineCandyTin" craft_time="10" craft_area="workbench" tags="workbenchCrafting">
	<ingredient name="mineCandyTin" count="1"/>
</recipe>

<recipe name="DisassembleMineAirFilter" craft_time="10" craft_area="workbench" tags="learnable,workbenchCrafting">
	<ingredient name="mineAirFilter" count="1"/>
</recipe>

<recipe name="DisassembleMineHubcap" craft_time="10" craft_area="workbench" tags="learnable,workbenchCrafting">
	<ingredient name="mineHubcap" count="1"/>
</recipe>

<recipe name="DisassembleMineCookingPot" craft_time="" craft_area="workbench" tags="learnable,workbenchCrafting">
<ingredient name="mineCookingPot" count="1"/>
</recipe>

<recipe name="DisassembleMineScrapIronPlate" craft_time="" craft_area="workbench" tags="learnable,workbenchCrafting">
<ingredient name="rScrapIronPlateMine" count="1"/>
</recipe>

</append>
</configs>